t,phase,ops,mb,backend,daemon_policy,daemon_class
1.00,idle,0,0.000,normal,2,0
2.00,idle,0,0.000,normal,2,0
3.00,idle,0,0.000,normal,2,0
4.00,idle,0,0.000,normal,2,0
5.00,idle,0,0.000,normal,2,0
6.00,idle,0,0.000,normal,2,0
7.00,idle,0,0.000,normal,2,0
8.00,idle,0,0.000,normal,2,0
9.00,idle,0,0.000,normal,2,0
10.00,idle,0,0.000,normal,2,0
11.00,cpu,2013200000,0.000,normal,2,2
12.00,cpu,2079200000,0.000,normal,2,2
13.00,cpu,2070400000,0.000,normal,2,2
14.00,cpu,2132200000,0.000,normal,2,2
15.00,cpu,2094300000,0.000,normal,2,2
16.00,cpu,2121000000,0.000,normal,2,2
17.00,cpu,2095700000,0.000,normal,2,2
18.00,cpu,2030600000,0.000,normal,2,2
19.00,cpu,1852100000,0.000,normal,2,2
20.00,cpu,1897700000,0.000,normal,2,2
21.00,randread,12092,49.527,specialized,2,4
22.00,randread,15230,62.381,specialized,2,4
23.00,randread,13385,54.826,specialized,2,4
24.00,randread,12078,49.472,specialized,2,4
25.00,randread,14203,58.176,specialized,2,4
26.00,randread,14011,57.388,specialized,2,4
27.01,randread,13939,57.094,specialized,2,4
28.01,randread,11186,45.816,specialized,2,4
29.01,randread,11131,45.594,specialized,2,4
31.00,seqread,1120,1173.968,specialized,2,3
32.01,seqread,1088,1140.583,specialized,2,3
33.01,seqread,1007,1056.286,specialized,2,3
34.01,seqread,1119,1173.280,specialized,2,3
35.02,seqread,1121,1175.824,specialized,2,3
36.02,seqread,1116,1169.759,specialized,2,3
37.03,seqread,1112,1165.598,specialized,2,3
38.03,seqread,1098,1151.200,specialized,2,3
39.04,seqread,1072,1123.730,specialized,2,3
41.00,idle,0,0.000,normal,2,3
42.00,idle,0,0.000,normal,2,0
43.00,idle,0,0.000,normal,2,0
44.00,idle,0,0.000,normal,2,0
45.00,idle,0,0.000,normal,2,0
46.00,idle,0,0.000,normal,2,0
47.00,idle,0,0.000,normal,2,0
48.00,idle,0,0.000,normal,2,0
49.00,idle,0,0.000,normal,2,0
50.00,idle,0,0.000,normal,2,0
