fuhrer,1790404647.484,adaptive,INTERACTIVE,frequent_wakeups,NORMAL,15.82,8.31,5.35,1299,1,0,105.4,20.9,5.602,0.126,44.28,0.835,0.080,0.837,33.2,0.0002,0.0004,2,4,1319,0.617,46.7,555,kworker/1:2-events,23.9,1,init,1621,0.2605
fuhrer,1790404648.488,adaptive,INTERACTIVE,frequent_wakeups,NORMAL,6.00,1.50,5.47,760,1,0,26.8,0.0,1.857,0.000,67.56,1.000,0.000,0.024,2.0,0.0166,0.0192,94,72,1440,1.037,12.9,18,rcu_preempt,1.0,1989,sshd,792,0.0806
fuhrer,1790404648.769,adaptive,INTERACTIVE,frequent_wakeups,NORMAL,8.93,0.00,5.49,1202,1,0,10.7,0.0,0.481,0.000,44.00,1.000,0.000,0.007,1.4,0.0388,0.0379,185,124,3386,0.842,3.6,1904,chronyd,3.6,1989,sshd,1526,0.2482
fuhrer,1790404649.773,adaptive,IDLE,low_activity,NORMAL,1.75,1.00,5.08,245,2,0,51.8,14.0,2.324,0.114,36.18,0.788,0.663,0.095,5.6,0.0001,0.0003,1,3,511,0.060,16.0,2084,bench-guest.sh,2.0,2084,bench-guest.sh,35,0.0957
fuhrer,1790404650.777,adaptive,IO_RANDOM,high_small_io,NORMAL,5.76,15.29,5.14,1691,1,1,808.0,0.0,3.428,0.000,4.14,1.000,0.000,0.736,69.3,0.0001,0.0002,1,2,1288,3.340,2.0,0,-,0.0,2084,bench-guest.sh,10,0.0970
fuhrer,1790404651.781,adaptive,IO_RANDOM,high_small_io,NORMAL,5.26,19.55,5.28,2477,1,1,1195.6,0.0,4.897,0.000,4.00,1.000,0.000,0.908,87.8,0.0003,0.0003,3,3,1671,4.933,0.0,2090,fuhrer-bench,13.0,2090,fuhrer-bench,1195,0.0843
fuhrer,1790404652.844,adaptive,IO_RANDOM,high_small_io,SPECIALIZED,5.79,18.64,5.32,2399,1,1,1163.0,0.0,4.764,0.000,4.00,1.000,0.000,0.886,85.3,0.0000,0.0001,0,1,1639,4.812,0.0,2090,fuhrer-bench,14.0,2090,fuhrer-bench,1165,0.0937
fuhrer,1790404653.849,adaptive,IO_RANDOM,high_small_io,SPECIALIZED,5.84,19.16,5.33,2035,2,0,12638.9,0.0,53.164,0.000,4.11,1.000,0.004,25.536,91.9,0.0001,0.0003,1,3,532,0.260,10.3,2090,fuhrer-bench,10.3,2090,fuhrer-bench,52,0.1225
fuhrer,1790404654.866,adaptive,IO_RANDOM,high_small_io,SPECIALIZED,4.89,19.07,5.34,1355,1,1,8437.4,3.0,34.560,0.016,4.00,1.000,0.000,26.635,94.1,0.0000,0.0001,0,1,476,0.040,0.0,2090,fuhrer-bench,8.9,0,-,0,0.1716
fuhrer,1790404655.872,adaptive,IO_RANDOM,high_small_io,SPECIALIZED,4.93,20.20,5.31,1891,1,1,12155.4,2.0,49.788,0.024,4.00,1.000,0.000,27.445,94.7,0.0000,0.0002,0,2,474,0.040,0.0,2090,fuhrer-bench,11.8,0,-,0,0.1390
fuhrer,1790404656.876,adaptive,IO_RANDOM,high_small_io,SPECIALIZED,5.39,18.87,5.26,1931,1,1,10404.5,0.0,42.617,0.000,4.00,1.000,0.000,25.446,95.7,0.0000,0.0001,0,1,477,0.040,0.0,2090,fuhrer-bench,8.9,0,-,0,0.0993
fuhrer,1790404657.880,adaptive,IO_RANDOM,high_small_io,SPECIALIZED,4.74,19.45,5.22,1817,1,1,13862.9,0.0,56.782,0.000,4.00,1.000,0.000,27.907,94.6,0.0001,0.0002,1,2,478,0.040,0.0,2090,fuhrer-bench,11.0,0,-,0,0.1039
fuhrer,1790404658.885,adaptive,IO_RANDOM,high_small_io,SPECIALIZED,5.21,19.35,5.18,1977,1,1,14145.6,0.0,57.944,0.000,4.00,1.000,0.000,27.386,93.8,0.0001,0.0001,1,1,478,0.040,0.0,2090,fuhrer-bench,10.0,0,-,0,0.1130
fuhrer,1790404659.147,adaptive,IO_RANDOM,high_small_io,SPECIALIZED,10.38,9.43,5.08,1643,1,0,3221.4,0.0,16.265,0.000,4.93,1.000,0.046,6.802,42.8,0.0209,0.0215,102,76,2779,0.552,166.6,1989,sshd,3.8,1989,sshd,13325,0.2653
fuhrer,1790404660.151,adaptive,IDLE,low_activity,SPECIALIZED,1.00,1.25,4.83,310,1,0,98.7,14.0,1.634,0.114,15.15,0.876,0.539,0.107,5.6,0.0000,0.0001,0,1,516,0.061,30.9,2097,bench-guest.sh,2.0,2097,bench-guest.sh,35,0.0944
fuhrer,1790404661.157,adaptive,IO_SEQUENTIAL,large_sequential_io,SPECIALIZED,3.74,17.71,4.91,607,1,1,787.1,0.0,813.994,0.000,1009.88,1.000,0.199,3.124,79.8,0.0001,0.0002,1,2,487,0.043,2.0,0,-,0.0,2097,bench-guest.sh,10,0.1185
fuhrer,1790404662.161,adaptive,IO_SEQUENTIAL,large_sequential_io,SPECIALIZED,3.25,21.50,4.90,581,1,1,891.9,0.0,935.228,0.000,1024.00,1.000,0.200,3.787,95.5,0.0000,0.0001,0,1,478,0.040,0.0,2103,fuhrer-bench,10.0,0,-,0,0.0991
fuhrer,1790404663.231,adaptive,IO_SEQUENTIAL,large_sequential_io,BATCHED,2.74,22.19,4.89,491,1,1,736.8,0.0,772.614,0.000,1024.00,1.000,0.200,3.809,96.1,0.0000,0.0000,0,0,478,0.040,0.0,2103,fuhrer-bench,7.0,0,-,0,0.1310
fuhrer,1790404664.235,adaptive,IO_SEQUENTIAL,large_sequential_io,BATCHED,11.90,6.58,6.95,472,2,0,368.4,0.9,384.297,0.004,1016.25,0.997,0.015,2.291,67.5,0.0000,0.0000,0,0,467,0.038,0.0,2103,fuhrer-bench,74.8,0,-,0,0.1003
fuhrer,1790404665.248,adaptive,IO_SEQUENTIAL,large_sequential_io,BATCHED,12.72,0.58,6.94,103,2,0,290.7,0.0,304.839,0.000,1024.00,1.000,0.000,2.368,60.2,0.0000,0.0000,0,0,478,0.040,0.0,2103,fuhrer-bench,96.6,0,-,0,0.2880
fuhrer,1790404666.253,adaptive,IO_SEQUENTIAL,large_sequential_io,BATCHED,10.91,0.88,6.96,53,2,0,232.8,2.0,244.126,0.012,1015.45,0.992,0.004,1.923,48.7,0.0000,0.0000,0,0,474,0.040,0.0,2103,fuhrer-bench,87.8,0,-,0,0.1076
fuhrer,1790404667.258,adaptive,IO_SEQUENTIAL,large_sequential_io,BATCHED,6.85,0.00,7.01,46,2,0,43.8,0.0,45.935,0.000,1024.00,1.000,0.000,0.826,24.4,0.0000,0.0000,0,0,478,0.040,0.0,2103,fuhrer-bench,100.6,0,-,0,0.1208
fuhrer,1790404668.265,adaptive,IO_SEQUENTIAL,large_sequential_io,BATCHED,2.28,0.00,7.09,58,2,0,27.8,0.0,29.195,0.000,1024.00,1.000,0.000,1.388,48.9,0.0000,0.0000,0,0,477,0.040,0.0,2103,fuhrer-bench,95.5,0,-,0,0.1374
fuhrer,1790404669.270,adaptive,IO_SEQUENTIAL,large_sequential_io,BATCHED,6.19,0.00,7.18,51,2,0,35.8,0.0,37.518,0.000,1024.00,1.000,0.000,1.871,46.7,0.0000,0.0000,0,0,477,0.040,0.0,2103,fuhrer-bench,102.4,0,-,0,0.1175
fuhrer,1790404669.802,adaptive,IO_SEQUENTIAL,large_sequential_io,BATCHED,6.06,2.02,7.03,632,1,0,123.9,0.0,20.816,0.000,164.12,1.000,0.588,0.584,18.0,0.0104,0.0106,53,38,1379,0.274,18.8,0,-,0.0,1989,sshd,540,0.1699
fuhrer,1790404670.808,adaptive,CPU_BOUND,cpu_saturated,BATCHED,92.77,0.00,7.04,92,5,0,0.0,0.0,0.000,0.000,0.00,0.000,0.000,0.000,0.0,0.0000,0.0000,0,0,500,0.050,0.0,0,-,0.0,2108,bench-guest.sh,24,0.1408
fuhrer,1790404671.816,adaptive,CPU_BOUND,cpu_saturated,BATCHED,100.00,0.00,7.04,42,5,0,0.0,0.0,0.000,0.000,0.00,0.000,0.000,0.000,0.0,0.0000,0.0000,0,0,477,0.040,0.0,2112,fuhrer-bench,373.7,0,-,0,0.1916
fuhrer,1790404672.830,adaptive,CPU_BOUND,cpu_saturated,BATCHED,100.00,0.00,7.04,64,5,0,0.0,2.0,0.000,0.041,20.00,0.000,0.800,0.056,3.8,0.0000,0.0000,0,0,476,0.040,0.0,2112,fuhrer-bench,390.9,0,-,0,0.1144
fuhrer,1790404673.834,adaptive,CPU_BOUND,cpu_saturated,BATCHED,100.00,0.00,7.04,40,5,0,0.0,0.0,0.000,0.000,0.00,0.000,0.000,0.000,0.0,0.0000,0.0000,0,0,473,0.040,0.0,2112,fuhrer-bench,382.7,0,-,0,0.0992
fuhrer,1790404674.839,adaptive,CPU_BOUND,cpu_saturated,BATCHED,100.00,0.00,7.04,67,5,0,0.0,0.0,0.000,0.000,0.00,0.000,0.000,0.000,0.0,0.0000,0.0000,0,0,478,0.040,0.0,2112,fuhrer-bench,388.4,0,-,0,0.1173
fuhrer,1790404675.848,adaptive,CPU_BOUND,cpu_saturated,BATCHED,99.74,0.00,7.04,58,5,0,0.0,0.0,0.000,0.000,0.00,0.000,0.000,0.000,0.0,0.0000,0.0000,0,0,477,0.040,0.0,2112,fuhrer-bench,374.9,0,-,0,0.1988
fuhrer,1790404676.854,adaptive,CPU_BOUND,cpu_saturated,BATCHED,99.75,0.00,7.04,77,5,0,0.0,0.0,0.000,0.000,0.00,0.000,0.000,0.000,0.0,0.0000,0.0000,0,0,476,0.040,0.0,2112,fuhrer-bench,374.9,0,-,0,0.1306
fuhrer,1790404677.860,adaptive,CPU_BOUND,cpu_saturated,BATCHED,100.00,0.00,7.04,62,5,0,0.0,0.0,0.000,0.000,0.00,0.000,0.000,0.000,0.0,0.0000,0.0000,0,0,477,0.040,0.0,2112,fuhrer-bench,386.8,0,-,0,0.1499
fuhrer,1790404678.864,adaptive,CPU_BOUND,cpu_saturated,BATCHED,100.00,0.00,7.04,91,5,0,1.0,10.9,0.004,0.065,5.67,0.083,0.294,0.051,2.3,0.0000,0.0000,0,0,477,0.040,0.0,2112,fuhrer-bench,389.5,0,-,0,0.0954
fuhrer,1790404679.087,adaptive,INTERACTIVE,frequent_wakeups,BATCHED,15.66,0.00,6.82,855,1,0,0.0,0.0,0.000,0.000,0.00,0.000,0.000,0.000,0.0,0.0240,0.0241,112,81,3285,0.648,0.0,0,-,0.0,1989,sshd,1186,0.2934
fuhrer,1790404680.091,adaptive,IO_RANDOM,cached_small_io,BATCHED,30.17,0.00,6.86,110074,2,0,0.0,0.0,0.000,0.000,0.00,0.000,0.000,0.000,0.0,0.0000,0.0000,0,0,111483,7.153,0.0,50,kworker/2:1-mm_percpu_wq,1.0,2141,bench-guest.sh,24,0.1019
fuhrer,1790404681.095,adaptive,IO_RANDOM,cached_small_io,BATCHED,32.37,0.00,6.86,97252,2,0,2.0,0.0,0.008,0.000,4.00,1.000,0.000,0.002,0.2,0.0000,0.0000,0,0,99426,6.374,0.0,2145,fuhrer-bench,40.8,2145,fuhrer-bench,98945,0.0970
fuhrer,1790404682.412,adaptive,IO_RANDOM,cached_small_io,SPECIALIZED,31.81,0.00,6.85,110346,2,0,0.0,0.0,0.000,0.000,0.00,0.000,0.000,0.000,0.0,0.0000,0.0000,0,0,112075,7.183,0.0,2145,fuhrer-bench,41.8,2145,fuhrer-bench,111597,1.6873
fuhrer,1790404683.415,adaptive,IO_RANDOM,cached_small_io,SPECIALIZED,33.21,1.88,6.79,83289,3,0,14.4,3.0,1.295,0.022,73.57,0.826,0.115,0.109,10.0,0.0000,0.0000,0,0,84382,5.421,6.1,2145,fuhrer-bench,41.8,2145,fuhrer-bench,83964,0.0794
fuhrer,1790404684.419,adaptive,IO_RANDOM,cached_small_io,SPECIALIZED,31.55,0.73,6.79,97110,3,0,0.0,2.0,0.000,0.053,26.00,0.000,0.846,0.067,3.7,0.0000,0.0000,0,0,98591,6.320,0.0,2145,fuhrer-bench,40.9,2145,fuhrer-bench,98113,0.0811
fuhrer,1790404685.432,adaptive,IO_RANDOM,cached_small_io,SPECIALIZED,31.08,0.00,6.79,99601,1,0,0.0,0.0,0.000,0.000,0.00,0.000,0.000,0.000,0.0,0.0000,0.0000,0,0,100936,6.470,0.0,2145,fuhrer-bench,40.8,2145,fuhrer-bench,100458,0.1473
fuhrer,1790404686.436,adaptive,IO_RANDOM,cached_small_io,SPECIALIZED,31.50,0.00,6.79,109748,2,0,0.0,0.0,0.000,0.000,0.00,0.000,0.000,0.000,0.0,0.0000,0.0000,0,0,111433,7.142,0.0,2145,fuhrer-bench,40.5,2145,fuhrer-bench,110959,0.0727
fuhrer,1790404687.443,adaptive,IO_RANDOM,cached_small_io,SPECIALIZED,31.08,0.00,6.80,103815,2,0,0.0,0.0,0.000,0.000,0.00,0.000,0.000,0.000,0.0,0.0000,0.0000,0,0,105068,6.734,0.0,2145,fuhrer-bench,40.9,2145,fuhrer-bench,104589,0.1680
fuhrer,1790404688.370,static,IO_RANDOM,cached_small_io,SPECIALIZED,28.61,0.00,6.78,85030,1,0,0.0,10.7,0.000,0.053,4.80,0.000,0.167,0.020,0.2,0.0058,0.0058,28,19,85978,5.608,0.0,0,-,0.0,1989,sshd,998410,0.0733
fuhrer,1790404689.374,static,INTERACTIVE,frequent_wakeups,SPECIALIZED,10.28,2.01,4.78,532,1,0,97.7,15.0,1.638,0.131,15.33,0.867,0.548,0.164,9.3,0.0000,0.0000,0,0,516,0.061,30.9,2153,bench-guest.sh,34.9,2153,bench-guest.sh,35,0.0974
fuhrer,1790404690.382,static,IO_RANDOM,high_small_io,SPECIALIZED,1.75,9.23,4.78,711,2,0,5229.4,0.0,21.468,0.000,4.01,1.000,0.000,12.166,42.7,0.0001,0.0001,1,1,486,0.043,2.0,0,-,0.0,2153,bench-guest.sh,10,0.1395
fuhrer,1790404691.385,static,IO_RANDOM,high_small_io,SPECIALIZED,4.49,20.20,4.78,1517,1,1,14624.3,0.0,59.901,0.000,4.00,1.000,0.000,29.001,93.9,0.0000,0.0000,0,0,477,0.040,0.0,2159,fuhrer-bench,7.9,0,-,0,0.0811
fuhrer,1790404692.390,static,IO_RANDOM,high_small_io,SPECIALIZED,3.75,21.00,4.78,1599,1,1,9737.0,0.0,39.883,0.000,4.00,1.000,0.000,25.041,97.0,0.0000,0.0000,0,0,478,0.040,0.0,2159,fuhrer-bench,8.0,0,-,0,0.1030
fuhrer,1790404693.396,static,IO_RANDOM,high_small_io,SPECIALIZED,3.52,21.11,4.78,1340,1,1,12185.2,0.0,49.911,0.000,4.00,1.000,0.000,27.466,95.3,0.0000,0.0000,0,0,478,0.040,0.0,2159,fuhrer-bench,7.0,0,-,0,0.1362
fuhrer,1790404694.400,static,IO_RANDOM,high_small_io,SPECIALIZED,4.02,20.35,4.78,1449,1,1,15019.1,1.0,61.518,0.004,4.00,1.000,0.000,29.074,95.3,0.0000,0.0000,0,0,477,0.040,0.0,2159,fuhrer-bench,9.9,0,-,0,0.0953
fuhrer,1790404695.405,static,IO_RANDOM,high_small_io,SPECIALIZED,4.01,21.05,4.80,1436,1,1,13640.6,2.0,55.872,0.012,4.00,1.000,0.000,28.225,94.6,0.0000,0.0000,0,0,478,0.040,0.0,2159,fuhrer-bench,9.0,0,-,0,0.1149
fuhrer,1790404696.414,static,IO_RANDOM,high_small_io,SPECIALIZED,4.25,20.00,4.80,1590,1,1,13298.1,0.0,54.469,0.000,4.00,1.000,0.000,27.510,93.6,0.0000,0.0000,0,0,477,0.040,0.0,2159,fuhrer-bench,9.0,0,-,0,0.1854
fuhrer,1790404697.421,static,IO_RANDOM,high_small_io,SPECIALIZED,5.00,19.50,4.80,1799,1,1,15566.0,0.0,63.758,0.000,4.00,1.000,0.000,28.168,95.5,0.0000,0.0000,0,0,476,0.040,0.0,2159,fuhrer-bench,9.9,0,-,0,0.1449
fuhrer,1790404698.427,static,IO_RANDOM,high_small_io,SPECIALIZED,4.53,19.65,4.80,1921,1,1,14444.4,0.0,59.164,0.000,4.00,1.000,0.000,27.690,94.2,0.0000,0.0000,0,0,477,0.040,0.0,2159,fuhrer-bench,10.9,0,-,0,0.1441
fuhrer,1790404699.202,static,IO_RANDOM,high_small_io,SPECIALIZED,6.49,14.94,4.76,1790,1,0,10584.5,0.0,44.787,0.000,4.13,1.000,0.012,19.073,71.0,0.0070,0.0072,33,24,945,0.188,68.1,0,-,0.0,1989,sshd,372,0.1001
fuhrer,1790404700.207,static,IDLE,low_activity,SPECIALIZED,1.00,1.74,4.83,300,1,0,101.7,13.0,1.690,0.114,15.37,0.887,0.540,0.131,7.1,0.0000,0.0000,0,0,515,0.061,31.9,18,rcu_preempt,1.0,2164,bench-guest.sh,35,0.1017
fuhrer,1790404701.212,static,IO_SEQUENTIAL,large_sequential_io,SPECIALIZED,3.50,17.75,5.02,763,1,1,851.9,0.0,880.825,0.000,1009.77,1.000,0.000,3.060,79.9,0.0001,0.0001,1,1,486,0.043,2.0,45,khugepaged,2.0,2164,bench-guest.sh,10,0.1014
fuhrer,1790404702.217,static,IO_SEQUENTIAL,large_sequential_io,SPECIALIZED,3.01,21.80,5.02,692,1,1,907.4,0.0,951.429,0.000,1024.00,1.000,0.000,3.729,96.2,0.0000,0.0000,0,0,478,0.041,0.0,2170,fuhrer-bench,8.0,0,-,0,0.1083
fuhrer,1790404703.221,static,IO_SEQUENTIAL,large_sequential_io,SPECIALIZED,2.74,22.39,5.02,476,1,1,669.9,0.0,703.501,0.000,1025.52,1.000,0.000,3.786,95.3,0.0000,0.0000,0,0,478,0.040,0.0,2170,fuhrer-bench,7.0,0,-,0,0.0871
fuhrer,1790404704.225,static,IO_SEQUENTIAL,large_sequential_io,SPECIALIZED,2.76,22.06,5.02,660,1,1,807.8,0.0,846.001,0.000,1022.74,1.000,0.000,3.738,95.6,0.0000,0.0000,0,0,478,0.040,0.0,2170,fuhrer-bench,6.0,0,-,0,0.0837
fuhrer,1790404705.229,static,IO_SEQUENTIAL,large_sequential_io,SPECIALIZED,2.76,21.80,5.02,470,1,1,1005.2,2.0,753.147,0.008,730.27,0.998,0.125,5.024,95.9,0.0000,0.0000,0,0,478,0.040,0.0,2170,fuhrer-bench,8.0,0,-,0,0.1011
fuhrer,1790404706.234,static,IO_SEQUENTIAL,large_sequential_io,SPECIALIZED,2.74,23.19,5.02,353,1,1,871.8,2.0,609.459,0.020,681.13,0.998,0.145,5.377,95.1,0.0000,0.0000,0,0,478,0.040,0.0,2170,fuhrer-bench,6.0,0,-,0,0.1034
fuhrer,1790404707.238,static,IO_SEQUENTIAL,large_sequential_io,SPECIALIZED,2.24,22.89,5.02,273,1,1,687.0,0.0,480.252,0.000,682.67,1.000,0.143,5.395,98.2,0.0000,0.0000,0,0,478,0.040,0.0,2170,fuhrer-bench,4.0,0,-,0,0.0885
fuhrer,1790404708.241,static,IO_SEQUENTIAL,large_sequential_io,SPECIALIZED,2.24,22.69,5.02,342,1,1,871.5,0.0,608.876,0.000,682.29,1.000,0.143,5.440,96.1,0.0000,0.0000,0,0,478,0.040,0.0,2170,fuhrer-bench,6.0,0,-,0,0.0775
fuhrer,1790404709.245,static,IO_SEQUENTIAL,large_sequential_io,SPECIALIZED,2.75,22.00,5.02,443,1,1,1185.0,0.0,828.694,0.000,682.95,1.000,0.143,5.311,93.6,0.0000,0.0000,0,0,478,0.040,0.0,2170,fuhrer-bench,7.0,0,-,0,0.0932
fuhrer,1790404709.622,static,IO_SEQUENTIAL,large_sequential_io,SPECIALIZED,6.62,11.92,4.88,1226,1,0,844.6,0.0,401.104,0.000,463.77,1.000,0.291,2.219,51.6,0.0142,0.0147,66,48,1943,0.386,140.3,1989,sshd,2.6,1989,sshd,763,0.1828
fuhrer,1790404710.628,static,CPU_BOUND,cpu_saturated,SPECIALIZED,92.75,0.00,4.89,83,5,0,4.0,5.0,0.053,0.029,8.89,0.444,0.182,0.010,0.4,0.0000,0.0000,0,0,501,0.050,1.0,58,kworker/u16:2-events_unbound,1.0,2175,bench-guest.sh,24,0.0885
fuhrer,1790404711.633,static,CPU_BOUND,cpu_saturated,SPECIALIZED,100.00,0.00,4.89,59,5,0,0.0,0.0,0.000,0.000,0.00,0.000,0.000,0.000,0.0,0.0000,0.0000,0,0,477,0.040,0.0,2179,fuhrer-bench,390.3,0,-,0,0.1187
fuhrer,1790404712.640,static,CPU_BOUND,cpu_saturated,SPECIALIZED,100.00,0.00,4.89,65,5,0,0.0,2.0,0.000,0.049,24.00,0.000,0.833,0.036,1.9,0.0000,0.0000,0,0,478,0.040,0.0,2179,fuhrer-bench,393.0,0,-,0,0.1150
fuhrer,1790404713.645,static,CPU_BOUND,cpu_saturated,SPECIALIZED,100.00,0.00,4.89,43,5,0,0.0,0.0,0.000,0.000,0.00,0.000,0.000,0.000,0.0,0.0000,0.0000,0,0,477,0.040,0.0,2179,fuhrer-bench,389.3,0,-,0,0.1208
fuhrer,1790404714.652,static,CPU_BOUND,cpu_saturated,SPECIALIZED,100.00,0.00,4.89,62,5,0,0.0,0.0,0.000,0.000,0.00,0.000,0.000,0.000,0.0,0.0000,0.0000,0,0,476,0.040,0.0,2179,fuhrer-bench,387.9,0,-,0,0.0947
fuhrer,1790404715.657,static,CPU_BOUND,cpu_saturated,SPECIALIZED,100.00,0.00,4.89,68,5,0,0.0,0.0,0.000,0.000,0.00,0.000,0.000,0.000,0.0,0.0000,0.0000,0,0,478,0.040,0.0,2179,fuhrer-bench,387.5,0,-,0,0.1124
fuhrer,1790404716.664,static,CPU_BOUND,cpu_saturated,SPECIALIZED,99.50,0.00,4.89,80,5,0,0.0,9.0,0.000,0.041,4.44,0.000,0.100,0.011,0.2,0.0000,0.0000,0,0,478,0.040,0.0,2179,fuhrer-bench,389.2,0,-,0,0.0855
fuhrer,1790404717.668,static,CPU_BOUND,cpu_saturated,SPECIALIZED,99.50,0.00,4.89,88,5,0,0.0,2.0,0.000,0.012,6.00,0.000,0.333,0.016,0.9,0.0001,0.0001,1,1,477,0.040,0.0,2179,fuhrer-bench,384.5,0,-,0,0.0992
fuhrer,1790404718.673,static,CPU_BOUND,cpu_saturated,SPECIALIZED,100.00,0.00,4.89,67,5,0,0.0,0.0,0.000,0.000,0.00,0.000,0.000,0.000,0.0,0.0000,0.0000,0,0,478,0.040,0.0,2179,fuhrer-bench,391.2,0,-,0,0.1234
fuhrer,1790404718.850,static,INTERACTIVE,frequent_wakeups,SPECIALIZED,25.35,0.00,4.81,1129,1,0,0.0,0.0,0.000,0.000,0.00,0.000,0.000,0.000,0.0,0.0302,0.0302,140,101,4121,0.813,0.0,0,-,0.0,1989,sshd,1482,0.4655
fuhrer,1790404719.853,static,IO_RANDOM,cached_small_io,SPECIALIZED,30.51,0.00,4.84,119144,2,0,0.0,0.0,0.000,0.000,0.00,0.000,0.000,0.000,0.0,0.0000,0.0000,0,0,120665,7.741,0.0,0,-,0.0,2208,bench-guest.sh,24,0.0813
fuhrer,1790404720.858,static,IO_RANDOM,cached_small_io,SPECIALIZED,32.93,0.00,4.84,133491,2,0,0.0,0.0,0.000,0.000,0.00,0.000,0.000,0.000,0.0,0.0000,0.0000,0,0,135207,8.663,0.0,2212,fuhrer-bench,41.8,2212,fuhrer-bench,134729,0.1159
fuhrer,1790404721.862,static,IO_RANDOM,cached_small_io,SPECIALIZED,31.80,0.00,4.84,117290,2,0,0.0,0.0,0.000,0.000,0.00,0.000,0.000,0.000,0.0,0.0000,0.0000,0,0,118620,7.602,0.0,2212,fuhrer-bench,40.8,2212,fuhrer-bench,118142,0.0882
fuhrer,1790404722.867,static,IO_RANDOM,cached_small_io,SPECIALIZED,32.77,0.24,4.85,121344,2,0,1.0,10.0,0.004,0.098,9.09,0.091,0.560,0.037,1.5,0.0000,0.0000,0,0,122989,7.881,0.0,2212,fuhrer-bench,41.8,2212,fuhrer-bench,122511,0.1096
fuhrer,1790404723.872,static,IO_RANDOM,cached_small_io,SPECIALIZED,32.93,0.00,4.85,125893,2,0,0.0,0.0,0.000,0.000,0.00,0.000,0.000,0.000,0.0,0.0001,0.0001,1,1,127141,8.147,0.0,2212,fuhrer-bench,41.8,2212,fuhrer-bench,126664,0.1149
fuhrer,1790404724.877,static,IO_RANDOM,cached_small_io,SPECIALIZED,32.77,0.00,4.85,121380,3,0,0.0,0.0,0.000,0.000,0.00,0.000,0.000,0.000,0.0,0.0000,0.0000,0,0,122830,7.871,0.0,2212,fuhrer-bench,42.8,2212,fuhrer-bench,122352,0.1252
fuhrer,1790404725.884,static,IO_RANDOM,cached_small_io,SPECIALIZED,31.40,0.00,4.85,77727,2,0,0.0,0.0,0.000,0.000,0.00,0.000,0.000,0.000,0.0,0.0000,0.0001,0,1,78620,5.042,0.0,2212,fuhrer-bench,39.8,2212,fuhrer-bench,78143,0.1610
fuhrer,1790404726.888,static,IO_RANDOM,cached_small_io,SPECIALIZED,32.53,0.00,4.96,114265,2,0,0.0,0.0,0.000,0.000,0.00,0.000,0.000,0.000,0.0,0.0000,0.0000,0,0,116241,7.449,0.0,2212,fuhrer-bench,41.7,2212,fuhrer-bench,115764,0.0929
fuhrer,1790404727.893,static,IO_RANDOM,cached_small_io,SPECIALIZED,30.49,0.73,4.96,75077,2,0,0.0,3.0,0.000,0.037,12.00,0.000,0.667,0.075,4.0,0.0000,0.0000,0,0,75998,4.874,0.0,2212,fuhrer-bench,37.9,2212,fuhrer-bench,75520,0.1096
fuhrer,1790404728.204,static,IO_RANDOM,cached_small_io,BATCHED,19.80,0.00,4.96,13936,1,0,0.0,0.0,0.000,0.000,0.00,0.000,0.000,0.000,0.0,0.0213,0.0214,99,71,14963,1.346,0.0,1989,sshd,4.0,1989,sshd,4050844,0.4227
fuhrer,1790404729.208,static,IDLE,low_activity,BATCHED,0.71,0.94,5.00,238,1,0,47.0,16.9,2.899,0.142,46.47,0.735,0.673,0.095,4.3,0.0000,0.0000,0,0,505,0.058,6.6,2218,bench-guest.sh,0.9,2218,bench-guest.sh,33,0.0983
fuhrer,1790404730.214,static,IO_RANDOM,high_small_io,BATCHED,6.85,15.23,5.90,1085,1,1,11185.9,0.0,45.936,0.000,4.01,1.000,0.000,26.096,85.3,0.0001,0.0001,1,1,486,0.043,2.0,0,-,0.0,2218,bench-guest.sh,10,0.1123
fuhrer,1790404731.219,static,IO_RANDOM,high_small_io,BATCHED,9.32,14.86,6.38,1187,1,1,11256.4,0.0,46.130,0.000,4.00,1.000,0.000,27.552,92.1,0.0000,0.0000,0,0,478,0.040,0.0,2224,fuhrer-bench,29.9,0,-,0,0.1029
fuhrer,1790404732.224,static,IO_RANDOM,high_small_io,BATCHED,12.41,11.65,6.95,933,1,1,9081.8,0.0,37.215,0.000,4.00,1.000,0.000,27.825,92.3,0.0000,0.0000,0,0,478,0.040,0.0,2224,fuhrer-bench,43.8,0,-,0,0.1058
fuhrer,1790404733.228,static,IO_RANDOM,high_small_io,BATCHED,16.79,8.02,7.23,655,2,0,6526.5,0.0,26.757,0.000,4.00,1.000,0.000,28.506,94.3,0.0000,0.0000,0,0,478,0.040,0.0,2224,fuhrer-bench,60.7,0,-,0,0.0847
fuhrer,1790404734.232,static,IO_RANDOM,high_small_io,BATCHED,15.58,8.79,7.34,819,2,0,7539.6,0.0,30.923,0.000,4.01,1.000,0.000,28.304,94.8,0.0000,0.0000,0,0,478,0.040,0.0,2224,fuhrer-bench,57.8,0,-,0,0.0797
fuhrer,1790404735.238,static,IO_RANDOM,high_small_io,BATCHED,14.57,10.05,7.31,972,1,1,8270.6,2.0,33.954,0.012,4.01,1.000,0.000,27.798,93.8,0.0000,0.0000,0,0,478,0.040,0.0,2224,fuhrer-bench,51.8,0,-,0,0.1478
fuhrer,1790404736.245,static,IO_RANDOM,high_small_io,BATCHED,15.08,9.30,7.28,1005,1,1,8217.8,0.0,33.709,0.000,4.01,1.000,0.000,27.119,92.1,0.0000,0.0000,0,0,476,0.040,0.0,2224,fuhrer-bench,51.6,0,-,0,0.1439
fuhrer,1790404737.249,static,IO_RANDOM,high_small_io,BATCHED,10.58,13.85,7.31,1013,2,0,9821.5,0.0,40.408,0.000,4.02,1.000,0.000,26.761,90.8,0.0000,0.0000,0,0,477,0.040,0.0,2224,fuhrer-bench,35.8,0,-,0,0.1049
fuhrer,1790404738.254,static,IO_RANDOM,high_small_io,BATCHED,12.56,11.81,7.32,1124,2,0,9767.9,0.0,40.197,0.000,4.02,1.000,0.000,26.324,91.5,0.0000,0.0000,0,0,478,0.040,0.0,2224,fuhrer-bench,40.8,0,-,0,0.0957
fuhrer,1790404738.503,static,IO_RANDOM,high_small_io,BATCHED,14.71,3.92,7.11,1265,2,0,1153.2,0.0,12.487,0.000,10.57,1.000,0.249,4.261,25.1,0.0214,0.0221,100,72,2933,0.582,35.9,0,-,0.0,1989,sshd,1149,0.2724
fuhrer,1790404739.508,static,IDLE,low_activity,BATCHED,4.24,1.00,4.80,285,1,0,39.9,15.0,3.005,0.135,55.93,0.727,0.715,0.088,4.9,0.0000,0.0000,0,0,515,0.061,7.0,2229,bench-guest.sh,9.0,2229,bench-guest.sh,35,0.1110
fuhrer,1790404740.512,static,IO_SEQUENTIAL,large_sequential_io,BATCHED,19.00,1.00,6.99,117,2,0,360.0,0.0,365.085,0.000,990.48,1.000,0.022,1.673,39.1,0.0001,0.0001,1,1,486,0.043,2.0,45,khugepaged,5.0,2229,bench-guest.sh,10,0.0715
fuhrer,1790404741.516,static,IO_SEQUENTIAL,large_sequential_io,BATCHED,25.00,0.00,7.21,52,2,0,43.9,0.0,45.984,0.000,1024.00,1.000,0.000,0.195,5.3,0.0000,0.0000,0,0,478,0.041,0.0,2235,fuhrer-bench,95.7,0,-,0,0.1021
fuhrer,1790404742.521,static,IO_SEQUENTIAL,large_sequential_io,BATCHED,24.94,0.00,7.10,57,2,0,51.8,0.0,54.277,0.000,1024.00,1.000,0.000,0.229,6.3,0.0000,0.0000,0,0,478,0.040,0.0,2235,fuhrer-bench,95.6,0,-,0,0.0926
fuhrer,1790404743.527,static,IO_SEQUENTIAL,large_sequential_io,BATCHED,24.81,0.00,7.11,52,2,0,49.8,0.0,50.123,0.000,983.04,1.000,0.000,0.223,5.6,0.0000,0.0000,0,0,478,0.040,0.0,2235,fuhrer-bench,90.6,0,-,0,0.1354
fuhrer,1790404744.531,static,IO_SEQUENTIAL,large_sequential_io,BATCHED,24.75,0.00,7.21,78,2,0,47.7,0.0,50.034,0.000,1024.00,1.000,0.000,0.209,5.5,0.0000,0.0000,0,0,477,0.040,0.0,2235,fuhrer-bench,95.4,0,-,0,0.1020
fuhrer,1790404745.535,static,IO_SEQUENTIAL,large_sequential_io,BATCHED,24.11,0.00,7.30,66,2,0,47.8,2.0,50.097,0.012,983.28,0.960,0.020,0.231,6.6,0.0000,0.0000,0,0,478,0.040,0.0,2235,fuhrer-bench,95.6,0,-,0,0.0914
fuhrer,1790404746.539,static,IO_SEQUENTIAL,large_sequential_io,BATCHED,24.75,0.00,7.07,48,2,0,55.8,0.0,58.486,0.000,1024.00,1.000,0.000,0.229,6.1,0.0000,0.0000,0,0,478,0.040,0.0,2235,fuhrer-bench,96.6,0,-,0,0.0772
fuhrer,1790404747.545,static,IO_SEQUENTIAL,large_sequential_io,BATCHED,24.43,0.00,7.20,55,2,0,39.9,0.0,41.792,0.000,1024.00,1.000,0.000,0.177,4.9,0.0000,0.0000,0,0,478,0.041,0.0,2235,fuhrer-bench,91.7,0,-,0,0.1296
fuhrer,1790404748.549,static,IO_SEQUENTIAL,large_sequential_io,BATCHED,24.87,0.00,7.30,57,2,0,43.8,0.0,45.875,0.000,1024.00,1.000,0.000,0.251,10.8,0.0000,0.0000,0,0,477,0.040,0.0,2235,fuhrer-bench,91.5,0,-,0,0.1103
fuhrer,1790404749.236,static,IO_SEQUENTIAL,large_sequential_io,BATCHED,21.82,1.09,7.31,444,1,0,98.9,0.0,39.626,0.000,391.12,1.000,0.585,0.218,8.3,0.0079,0.0082,38,29,1068,0.212,11.6,0,-,0.0,1989,sshd,421,0.1268
fuhrer,1790404750.249,static,CPU_BOUND,cpu_saturated,BATCHED,92.33,0.00,7.31,77,5,0,0.0,0.0,0.000,0.000,0.00,0.000,0.000,0.000,0.0,0.0000,0.0000,0,0,500,0.050,0.0,0,-,0.0,2240,bench-guest.sh,24,0.1009
fuhrer,1790404751.254,static,CPU_BOUND,cpu_saturated,BATCHED,100.00,0.00,7.31,64,5,0,0.0,2.0,0.000,0.044,22.00,0.000,0.818,0.026,1.5,0.0000,0.0000,0,0,474,0.040,0.0,2244,fuhrer-bench,386.7,0,-,0,0.1132
fuhrer,1790404752.258,static,CPU_BOUND,cpu_saturated,BATCHED,100.00,0.00,7.31,52,5,0,0.0,0.0,0.000,0.000,0.00,0.000,0.000,0.000,0.0,0.0000,0.0000,0,0,478,0.040,0.0,2244,fuhrer-bench,392.2,0,-,0,0.0920
fuhrer,1790404753.262,static,CPU_BOUND,cpu_saturated,BATCHED,100.00,0.00,7.31,44,5,0,0.0,0.0,0.000,0.000,0.00,0.000,0.000,0.000,0.0,0.0000,0.0000,0,0,478,0.040,0.0,2244,fuhrer-bench,390.5,0,-,0,0.1073
fuhrer,1790404754.267,static,CPU_BOUND,cpu_saturated,BATCHED,100.00,0.00,7.31,75,5,0,0.0,10.9,0.000,0.057,5.09,0.000,0.214,0.036,1.1,0.0000,0.0000,0,0,478,0.040,0.0,2244,fuhrer-bench,385.2,0,-,0,0.1150
fuhrer,1790404755.278,static,CPU_BOUND,cpu_saturated,BATCHED,100.00,0.00,7.31,59,5,0,0.0,0.0,0.000,0.000,0.00,0.000,0.000,0.000,0.0,0.0000,0.0000,0,0,477,0.040,0.0,2244,fuhrer-bench,384.6,0,-,0,0.2495
fuhrer,1790404756.281,static,CPU_BOUND,cpu_saturated,BATCHED,99.75,0.00,7.31,72,5,0,0.0,0.0,0.000,0.000,0.00,0.000,0.000,0.000,0.0,0.0000,0.0000,0,0,476,0.040,0.0,2244,fuhrer-bench,382.4,0,-,0,0.0811
fuhrer,1790404757.288,static,CPU_BOUND,cpu_saturated,BATCHED,100.00,0.00,7.31,69,5,0,0.0,2.0,0.000,0.024,12.00,0.000,0.667,0.025,1.4,0.0000,0.0000,0,0,478,0.040,0.0,2244,fuhrer-bench,390.6,0,-,0,0.1464
fuhrer,1790404758.293,static,CPU_BOUND,cpu_saturated,BATCHED,99.47,0.00,7.31,65,5,0,0.0,0.0,0.000,0.000,0.00,0.000,0.000,0.000,0.0,0.0000,0.0000,0,0,476,0.040,0.0,2244,fuhrer-bench,386.0,0,-,0,0.1163
fuhrer,1790404758.498,static,INTERACTIVE,frequent_wakeups,BATCHED,20.73,0.00,7.31,950,1,0,0.0,0.0,0.000,0.000,0.00,0.000,0.000,0.000,0.0,0.0263,0.0261,126,87,3564,0.702,0.0,0,-,0.0,1989,sshd,1280,0.3301
fuhrer,1790404759.501,static,IO_RANDOM,cached_small_io,BATCHED,30.17,0.00,7.32,116497,2,0,0.0,0.0,0.000,0.000,0.00,0.000,0.000,0.000,0.0,0.0000,0.0000,0,0,118122,7.578,0.0,0,-,0.0,2273,bench-guest.sh,24,0.0717
fuhrer,1790404760.506,static,IO_RANDOM,cached_small_io,BATCHED,31.05,0.00,7.24,115828,2,0,0.0,0.0,0.000,0.000,0.00,0.000,0.000,0.000,0.0,0.0000,0.0000,0,0,117152,7.508,0.0,2277,fuhrer-bench,40.9,2277,fuhrer-bench,116673,0.1110
fuhrer,1790404761.510,static,IO_RANDOM,cached_small_io,BATCHED,32.13,0.00,7.24,111586,3,0,0.0,0.0,0.000,0.000,0.00,0.000,0.000,0.000,0.0,0.0000,0.0000,0,0,113008,7.242,0.0,2277,fuhrer-bench,41.8,2277,fuhrer-bench,112531,0.0888
fuhrer,1790404762.514,static,IO_RANDOM,cached_small_io,BATCHED,32.28,0.24,7.22,128225,2,0,0.0,2.0,0.000,0.045,22.00,0.000,0.818,0.025,1.5,0.0000,0.0000,0,0,129714,8.312,0.0,2277,fuhrer-bench,39.9,2277,fuhrer-bench,129235,0.0848
fuhrer,1790404763.517,static,IO_RANDOM,cached_small_io,BATCHED,32.20,0.00,7.22,125208,2,0,0.0,0.0,0.000,0.000,0.00,0.000,0.000,0.000,0.0,0.0000,0.0000,0,0,126591,8.112,0.0,2277,fuhrer-bench,40.8,2277,fuhrer-bench,126113,0.0759
fuhrer,1790404764.522,static,IO_RANDOM,cached_small_io,BATCHED,32.28,0.00,7.22,129385,3,0,0.0,0.0,0.000,0.000,0.00,0.000,0.000,0.000,0.0,0.0000,0.0000,0,0,130518,8.363,0.0,2277,fuhrer-bench,42.9,2277,fuhrer-bench,130040,0.1126
fuhrer,1790404765.527,static,IO_RANDOM,cached_small_io,BATCHED,31.14,0.00,7.22,78411,2,0,0.0,0.0,0.000,0.000,0.00,0.000,0.000,0.000,0.0,0.0000,0.0000,0,0,79666,5.109,0.0,2277,fuhrer-bench,40.8,2277,fuhrer-bench,79189,0.1147
fuhrer,1790404766.532,static,IO_RANDOM,cached_small_io,BATCHED,30.07,0.00,7.22,45325,2,0,0.0,0.0,0.000,0.000,0.00,0.000,0.000,0.000,0.0,0.0000,0.0000,0,0,46395,2.979,0.0,2277,fuhrer-bench,36.8,2277,fuhrer-bench,45917,0.1111
fuhrer,1790404767.538,static,IO_RANDOM,cached_small_io,BATCHED,30.51,0.00,7.22,47375,2,0,0.0,0.0,0.000,0.000,0.00,0.000,0.000,0.000,0.0,0.0000,0.0000,0,0,48283,3.100,0.0,2277,fuhrer-bench,41.8,2277,fuhrer-bench,47805,0.1388
fuhrer,1790404768.164,static,INTERACTIVE,frequent_wakeups,NORMAL,18.84,0.97,7.08,2370,1,0,0.0,3.9,0.000,0.024,6.00,0.000,0.333,0.058,3.5,0.0107,0.0107,54,40,3153,0.390,0.0,18,rcu_preempt,1.9,1989,sshd,1751319,0.1979
fuhrer,1790404769.170,static,INTERACTIVE,light_load,NORMAL,7.45,1.81,4.90,417,1,0,60.2,18.9,3.589,0.147,46.14,0.761,0.612,0.144,8.8,0.0000,0.0000,0,0,499,0.065,21.6,2283,bench-guest.sh,15.3,2283,bench-guest.sh,31,0.1381
fuhrer,1790404770.178,static,IO_RANDOM,high_small_io,NORMAL,5.01,12.53,4.92,1254,2,0,584.3,0.0,2.511,0.000,4.20,1.000,0.000,0.599,55.9,0.0001,0.0001,1,1,1062,2.408,2.0,0,-,0.0,2283,bench-guest.sh,10,0.1475
fuhrer,1790404771.183,static,IO_RANDOM,high_small_io,NORMAL,6.53,18.09,4.93,1860,2,0,900.2,0.0,3.687,0.000,4.00,1.000,0.000,0.863,80.2,0.0000,0.0000,0,0,1380,3.740,0.0,2290,fuhrer-bench,14.9,2290,fuhrer-bench,903,0.1184
fuhrer,1790404772.188,static,IO_RANDOM,high_small_io,NORMAL,6.03,18.59,4.93,2013,1,1,983.1,0.0,4.027,0.000,4.00,1.000,0.000,0.853,84.2,0.0000,0.0000,0,0,1462,4.071,0.0,2290,fuhrer-bench,16.9,2290,fuhrer-bench,984,0.0969
fuhrer,1790404773.192,static,IO_RANDOM,high_small_io,NORMAL,4.77,19.60,5.08,2220,1,1,1086.3,0.0,4.449,0.000,4.00,1.000,0.000,0.908,85.5,0.0000,0.0000,0,0,1566,4.498,0.0,2290,fuhrer-bench,11.9,2290,fuhrer-bench,1088,0.0812
fuhrer,1790404774.195,static,IO_RANDOM,high_small_io,NORMAL,4.28,20.15,5.05,2125,1,1,1031.3,2.0,4.224,0.012,4.00,0.998,0.001,0.915,88.1,0.0000,0.0000,0,0,1514,4.281,0.0,2290,fuhrer-bench,12.0,2290,fuhrer-bench,1035,0.0727
fuhrer,1790404775.199,static,IO_RANDOM,high_small_io,NORMAL,5.01,19.80,5.28,2258,1,1,1099.4,2.0,4.503,0.012,4.00,0.998,0.001,0.928,87.1,0.0000,0.0000,0,0,1581,4.556,0.0,2290,fuhrer-bench,13.0,2290,fuhrer-bench,1102,0.0899
fuhrer,1790404776.202,static,IO_RANDOM,high_small_io,NORMAL,5.29,19.14,5.44,1978,1,1,957.3,0.0,3.921,0.000,4.00,1.000,0.000,0.896,84.4,0.0000,0.0000,0,0,1438,3.974,0.0,2290,fuhrer-bench,13.0,2290,fuhrer-bench,960,0.0764
fuhrer,1790404777.206,static,IO_RANDOM,high_small_io,NORMAL,5.03,19.60,5.39,2238,1,1,1092.2,0.0,4.474,0.000,4.00,1.000,0.000,0.905,87.6,0.0000,0.0000,0,0,1573,4.522,0.0,2290,fuhrer-bench,14.0,2290,fuhrer-bench,1094,0.0852
fuhrer,1790404778.212,static,IO_RANDOM,high_small_io,NORMAL,5.78,18.84,5.34,2071,1,1,1007.0,0.0,4.125,0.000,4.00,1.000,0.000,0.886,84.3,0.0000,0.0000,0,0,1493,4.198,0.0,2290,fuhrer-bench,12.9,2290,fuhrer-bench,1015,0.1287
fuhrer,1790404778.689,static,IO_RANDOM,high_small_io,NORMAL,6.81,13.61,5.36,1942,1,0,757.0,0.0,6.432,0.000,8.30,1.000,0.209,0.644,58.8,0.0112,0.0116,52,38,2200,3.046,27.1,1989,sshd,2.1,1989,sshd,19621,0.1534
fuhrer,1790404779.695,static,IDLE,low_activity,NORMAL,2.25,1.00,4.64,229,1,0,49.8,16.9,2.330,0.147,36.24,0.746,0.675,0.110,5.9,0.0000,0.0000,0,0,515,0.061,15.9,2295,bench-guest.sh,3.0,2295,bench-guest.sh,35,0.1387
fuhrer,1790404780.700,static,IO_SEQUENTIAL,large_sequential_io,NORMAL,18.00,2.25,6.74,486,2,0,345.5,0.0,354.109,0.000,1000.89,1.000,0.000,0.652,52.9,0.0001,0.0001,1,1,823,354.002,2.0,0,-,0.0,2295,bench-guest.sh,10,0.0774
fuhrer,1790404781.704,static,IO_SEQUENTIAL,large_sequential_io,NORMAL,23.75,1.25,6.75,193,2,0,196.4,0.0,205.934,0.000,1024.00,1.000,0.000,0.469,40.5,0.0000,0.0000,0,0,675,205.974,0.0,2301,fuhrer-bench,89.7,2301,fuhrer-bench,196,0.0952
fuhrer,1790404782.707,static,IO_SEQUENTIAL,large_sequential_io,NORMAL,24.88,0.25,6.84,70,2,0,145.4,0.0,152.443,0.000,1024.00,1.000,0.000,0.292,27.8,0.0000,0.0000,0,0,623,152.483,0.0,2301,fuhrer-bench,96.6,2301,fuhrer-bench,145,0.0761
fuhrer,1790404783.711,static,IO_SEQUENTIAL,large_sequential_io,NORMAL,25.19,0.00,6.81,59,2,0,95.7,0.0,100.325,0.000,1024.00,1.000,0.000,0.196,19.6,0.0001,0.0001,1,1,574,100.365,0.0,2301,fuhrer-bench,95.7,2301,fuhrer-bench,96,0.0864
fuhrer,1790404784.715,static,IO_SEQUENTIAL,large_sequential_io,NORMAL,25.25,0.00,6.82,69,2,0,48.8,1.0,51.183,0.004,1003.60,0.980,0.000,0.107,10.6,0.0000,0.0000,0,0,526,50.179,0.0,2301,fuhrer-bench,91.6,2301,fuhrer-bench,48,0.0858
fuhrer,1790404785.721,static,IO_SEQUENTIAL,large_sequential_io,NORMAL,24.87,0.00,7.08,65,2,0,43.8,2.0,45.948,0.012,979.74,0.957,0.021,0.115,10.5,0.0000,0.0000,0,0,523,47.033,0.0,2301,fuhrer-bench,92.6,2301,fuhrer-bench,45,0.1311
fuhrer,1790404786.725,static,IO_SEQUENTIAL,large_sequential_io,NORMAL,25.00,0.00,6.90,64,2,0,39.8,0.0,41.712,0.000,1024.00,1.000,0.000,0.090,9.0,0.0000,0.0000,0,0,517,41.752,0.0,2301,fuhrer-bench,90.5,2301,fuhrer-bench,40,0.1099
fuhrer,1790404787.731,static,IO_SEQUENTIAL,large_sequential_io,NORMAL,18.43,0.00,6.93,46,2,0,20.9,0.0,21.901,0.000,1024.00,1.000,0.000,0.052,5.0,0.0000,0.0000,0,0,497,20.899,0.0,2301,fuhrer-bench,91.5,2301,fuhrer-bench,20,0.1322
fuhrer,1790404788.736,static,IO_SEQUENTIAL,large_sequential_io,NORMAL,25.19,0.00,6.96,85,2,0,37.8,0.0,39.640,0.000,1024.00,1.000,0.000,0.085,8.7,0.0001,0.0001,1,1,516,40.724,0.0,2301,fuhrer-bench,90.5,2301,fuhrer-bench,39,0.1118
fuhrer,1790404789.487,static,IO_SEQUENTIAL,large_sequential_io,NORMAL,15.95,1.66,6.88,476,1,0,78.5,0.0,21.947,0.000,273.15,1.000,0.619,0.146,11.6,0.0072,0.0074,35,25,993,18.322,17.3,1989,sshd,1.3,1989,sshd,1692,0.1561
fuhrer,1790404790.502,static,CPU_BOUND,cpu_saturated,NORMAL,92.27,0.00,6.87,106,5,0,0.0,4.0,0.000,0.024,6.00,0.000,0.333,0.036,1.6,0.0000,0.0001,0,1,500,0.050,0.0,0,-,0.0,2306,bench-guest.sh,24,0.2275
fuhrer,1790404791.506,static,CPU_BOUND,cpu_saturated,NORMAL,100.00,0.00,6.87,47,5,0,0.0,0.0,0.000,0.000,0.00,0.000,0.000,0.000,0.0,0.0000,0.0001,0,1,473,0.040,0.0,2310,fuhrer-bench,371.5,0,-,0,0.1043
fuhrer,1790404792.512,static,CPU_BOUND,cpu_saturated,NORMAL,99.71,0.00,6.87,65,5,0,0.0,2.0,0.000,0.053,26.00,0.000,0.846,0.039,2.3,0.0000,0.0000,0,0,478,0.040,0.0,2310,fuhrer-bench,377.4,0,-,0,0.1315
fuhrer,1790404793.518,static,CPU_BOUND,cpu_saturated,NORMAL,100.00,0.00,6.87,45,5,0,0.0,0.0,0.000,0.000,0.00,0.000,0.000,0.000,0.0,0.0000,0.0000,0,0,477,0.040,0.0,2310,fuhrer-bench,389.8,0,-,0,0.0732
fuhrer,1790404794.522,static,CPU_BOUND,cpu_saturated,NORMAL,100.00,0.00,6.87,64,5,0,0.0,0.0,0.000,0.000,0.00,0.000,0.000,0.000,0.0,0.0000,0.0000,0,0,477,0.040,0.0,2310,fuhrer-bench,391.6,0,-,0,0.0861
fuhrer,1790404795.534,static,CPU_BOUND,cpu_saturated,NORMAL,100.00,0.00,6.87,55,5,0,0.0,0.0,0.000,0.000,0.00,0.000,0.000,0.000,0.0,0.0000,0.0000,0,0,478,0.040,0.0,2310,fuhrer-bench,380.7,0,-,0,0.2161
fuhrer,1790404796.538,static,CPU_BOUND,cpu_saturated,NORMAL,99.50,0.00,6.87,89,5,0,0.0,8.9,0.000,0.045,4.89,0.000,0.182,0.015,0.3,0.0000,0.0000,0,0,474,0.040,0.0,2310,fuhrer-bench,380.4,0,-,0,0.0997
fuhrer,1790404797.542,static,CPU_BOUND,cpu_saturated,NORMAL,99.74,0.00,6.87,89,5,0,0.0,2.0,0.000,0.024,12.00,0.000,0.667,0.027,1.5,0.0000,0.0000,0,0,478,0.040,0.0,2310,fuhrer-bench,385.4,0,-,0,0.0871
fuhrer,1790404798.548,static,CPU_BOUND,cpu_saturated,NORMAL,100.00,0.00,6.87,73,5,0,0.0,0.0,0.000,0.000,0.00,0.000,0.000,0.000,0.0,0.0000,0.0000,0,0,478,0.040,0.0,2310,fuhrer-bench,390.6,0,-,0,0.0933
fuhrer,1790404798.760,static,INTERACTIVE,frequent_wakeups,NORMAL,20.93,0.00,6.73,1001,1,0,0.0,0.0,0.000,0.000,0.00,0.000,0.000,0.000,0.0,0.0246,0.0249,111,83,3403,0.672,0.0,0,-,0.0,1989,sshd,1224,0.3152
fuhrer,1790404799.764,static,IO_RANDOM,cached_small_io,NORMAL,30.17,0.00,6.84,112608,2,0,0.0,0.0,0.000,0.000,0.00,0.000,0.000,0.000,0.0,0.0000,0.0000,0,0,114266,7.331,0.0,0,-,0.0,2339,bench-guest.sh,24,0.0838
fuhrer,1790404800.767,static,IO_RANDOM,cached_small_io,NORMAL,31.87,0.00,6.84,122427,2,0,1.0,0.0,0.004,0.000,4.00,1.000,0.000,0.001,0.1,0.0000,0.0000,0,0,123623,7.922,0.0,2343,fuhrer-bench,39.9,2343,fuhrer-bench,123144,0.0726
fuhrer,1790404801.772,static,IO_RANDOM,cached_small_io,NORMAL,31.31,0.00,6.84,87325,2,0,0.0,0.0,0.000,0.000,0.00,0.000,0.000,0.000,0.0,0.0000,0.0000,0,0,89026,5.708,0.0,2343,fuhrer-bench,39.9,2343,fuhrer-bench,88548,0.1048
fuhrer,1790404802.775,static,IO_RANDOM,cached_small_io,NORMAL,32.04,0.00,6.84,111523,2,0,0.0,5.0,0.000,0.033,6.40,0.000,0.375,0.008,0.2,0.0000,0.0000,0,0,113489,7.273,0.0,2343,fuhrer-bench,41.8,2343,fuhrer-bench,113011,0.0750
fuhrer,1790404803.778,static,IO_RANDOM,cached_small_io,NORMAL,32.69,0.24,6.84,134377,2,0,0.0,2.0,0.000,0.053,26.00,0.000,0.846,0.019,1.1,0.0000,0.0000,0,0,135882,8.706,0.0,2343,fuhrer-bench,42.9,2343,fuhrer-bench,135404,0.0823
fuhrer,1790404804.782,static,IO_RANDOM,cached_small_io,NORMAL,32.85,0.00,6.84,134807,3,0,0.0,0.0,0.000,0.000,0.00,0.000,0.000,0.000,0.0,0.0000,0.0000,0,0,136140,8.723,0.0,2343,fuhrer-bench,41.9,2343,fuhrer-bench,135662,0.0861
fuhrer,1790404805.787,static,IO_RANDOM,cached_small_io,NORMAL,31.55,0.00,6.84,97438,2,0,0.0,0.0,0.000,0.000,0.00,0.000,0.000,0.000,0.0,0.0000,0.0000,0,0,98829,6.335,0.0,2343,fuhrer-bench,40.8,2343,fuhrer-bench,98350,0.0983
fuhrer,1790404806.791,static,IO_RANDOM,cached_small_io,NORMAL,29.95,0.00,6.85,83709,2,0,0.0,0.0,0.000,0.000,0.00,0.000,0.000,0.000,0.0,0.0000,0.0000,0,0,85102,5.456,0.0,2343,fuhrer-bench,38.8,2343,fuhrer-bench,84624,0.1090
fuhrer,1790404807.795,static,IO_RANDOM,cached_small_io,NORMAL,30.70,0.00,6.85,86541,2,0,0.0,0.0,0.000,0.000,0.00,0.000,0.000,0.000,0.0,0.0000,0.0000,0,0,87662,5.620,0.0,2343,fuhrer-bench,41.8,2343,fuhrer-bench,87184,0.0855
